{
  "uid" : "ab17fc5a4eb3bca4b216b548c7f9fcbc",
  "name" : "timeline",
  "children" : [ {
    "name" : "bogon",
    "children" : [ {
      "name" : "4035-MainThread",
      "children" : [ {
        "name" : "test_main[get请求查询用户数据列表1]",
        "uid" : "7a8d2a0629601fd8",
        "parentUid" : "c4ad07da2a890813fb13e55bc339e6bc",
        "status" : "failed",
        "time" : {
          "start" : 1596442208965,
          "stop" : 1596442209063,
          "duration" : 98
        },
        "flaky" : false,
        "newFailed" : false,
        "parameters" : [ "'{\"data\": null, \"meta\": {\"msg\": \"无效token\", \"status\": 400}}'", "'case_004'", "'{\"pagenum\": 1, \"pagesize\": \"12\"}'", "''", "'{\n'msg': '获取管理员列表成功', 'status': 200\n}'", "''", "''", "''", "'get'", "'users'" ]
      }, {
        "name" : "test_main[post请求实现登录]",
        "uid" : "d2ab6d22b9808223",
        "parentUid" : "c4ad07da2a890813fb13e55bc339e6bc",
        "status" : "passed",
        "time" : {
          "start" : 1596442208564,
          "stop" : 1596442208763,
          "duration" : 199
        },
        "flaky" : false,
        "newFailed" : false,
        "parameters" : [ "'{\"data\": {\"id\": 500, \"rid\": 0, \"username\": \"admin\", \"mobile\": \"18487984889\", \"email\": \"18401782588@qq.com\", \"token\": \"Bearer eyJhbGciOiJIUzI1NiIsInR5cCI6IkpXVCJ9.eyJ1aWQiOjUwMCwicmlkIjowLCJpYXQiOjE1OTY0NDIwMjEsImV4cCI6MTU5NjUyODQyMX0._mk4pFaj8dTq-z1zoXh8XfqBbTLN8eHL84Wc1SsFVuc\"}, \"meta\": {\"msg\": \"登录成功\", \"status\": 200}}'", "'case_002'", "'{\"username\": \"admin\", \"password\": \"123456\"}'", "''", "'{\n        \"msg\": \"登录成功\",\n        \"status\": 200\n    }'", "''", "''", "'写'", "'post'", "'login'" ]
      }, {
        "name" : "test_main[get请求实现登录]",
        "uid" : "2ecfa83e99ce1744",
        "parentUid" : "c4ad07da2a890813fb13e55bc339e6bc",
        "status" : "passed",
        "time" : {
          "start" : 1596442208444,
          "stop" : 1596442208554,
          "duration" : 110
        },
        "flaky" : false,
        "newFailed" : false,
        "parameters" : [ "'{\"data\": null, \"meta\": {\"msg\": \"参数错误\", \"status\": 400}}'", "'case_001'", "'{\"username\": \"admin\", \"password\": \"\"}'", "''", "'{\n        \"msg\": \"参数错误\",\n        \"status\": 400\n    }'", "''", "''", "''", "'get'", "'login'" ]
      }, {
        "name" : "test_main[get请求查询用户数据列表0]",
        "uid" : "a936c6eea54552c9",
        "parentUid" : "c4ad07da2a890813fb13e55bc339e6bc",
        "status" : "passed",
        "time" : {
          "start" : 1596442208773,
          "stop" : 1596442208946,
          "duration" : 173
        },
        "flaky" : false,
        "newFailed" : false,
        "parameters" : [ "'{\"data\": {\"total\": 29, \"pagenum\": 1, \"users\": [{\"id\": 500, \"role_name\": \"超级管理员\", \"username\": \"admin\", \"create_time\": 1486720211, \"mobile\": \"18487984889\", \"email\": \"18401782588@qq.com\", \"mg_state\": true}, {\"id\": 929, \"role_name\": \"超级管理员\", \"username\": \"asff\", \"create_time\": 1595626624, \"mobile\": \"13888888888\", \"email\": \"fiji@qq.com\", \"mg_state\": true}, {\"id\": 933, \"role_name\": \"超级管理员\", \"username\": \"1111\", \"create_time\": 1595844905, \"mobile\": \"13871112234\", \"email\": \"1111@qq.com\", \"mg_state\": true}, {\"id\": 934, \"role_name\": \"超级管理员\", \"username\": \"111\", \"create_time\": 1595846015, \"mobile\": \"13871112256\", \"email\": \"111@qq.com\", \"mg_state\": true}, {\"id\": 935, \"role_name\": \"超级管理员\", \"username\": \"ces\", \"create_time\": 1595908009, \"mobile\": \"13478945612\", \"email\": \"123456@qq.com\", \"mg_state\": true}, {\"id\": 936, \"role_name\": \"超级管理员\", \"username\": \"ssc\", \"create_time\": 1595908072, \"mobile\": \"18370081345\", \"email\": \"12@qq.com\", \"mg_state\": true}, {\"id\": 937, \"role_name\": \"超级管理员\", \"username\": \"8888\", \"create_time\": 1595943977, \"mobile\": \"17399999999\", \"email\": \"123@qq.com\", \"mg_state\": false}, {\"id\": 938, \"role_name\": \"超级管理员\", \"username\": \"sam\", \"create_time\": 1596180213, \"mobile\": \"18959688888\", \"email\": \"ss@sss.aa\", \"mg_state\": true}, {\"id\": 939, \"role_name\": \"超级管理员\", \"username\": \"333\", \"create_time\": 1596206055, \"mobile\": \"18822222222\", \"email\": \"33333@qq.com\", \"mg_state\": false}, {\"id\": 940, \"role_name\": \"超级管理员\", \"username\": \"sds\", \"create_time\": 1596206150, \"mobile\": \"18822222222\", \"email\": \"ssss@qq.com\", \"mg_state\": false}, {\"id\": 942, \"role_name\": \"超级管理员\", \"username\": \"33344\", \"create_time\": 1596206379, \"mobile\": \"18866666666\", \"email\": \"dddd@qq.com\", \"mg_state\": false}, {\"id\": 943, \"role_name\": \"超级管理员\", \"username\": \"1231\", \"create_time\": 1596206608, \"mobile\": \"\", \"email\": \"\", \"mg_state\": false}]}, \"meta\": {\"msg\": \"获取管理员列表成功\", \"status\": 200}}'", "'case_003'", "'{\"pagenum\": 1, \"pagesize\": \"12\"}'", "'{\"case_002\": [\"$.data.id\"],\n\"case_001\":[\"$.meta.msg\",\"$.meta.status\"]}'", "'{\n'msg': '获取管理员列表成功', 'status': 200\n}'", "''", "''", "'读'", "'get'", "'users'" ]
      } ],
      "uid" : "c4ad07da2a890813fb13e55bc339e6bc"
    } ],
    "uid" : "2073f7d556df5d27a604e307fdf127df"
  } ]
}