{
  "5012049d63ad8ce5a26120338c8702c7" : {
    "statistic" : {
      "failed" : 0,
      "broken" : 0,
      "skipped" : 0,
      "passed" : 1,
      "unknown" : 0,
      "total" : 1
    },
    "items" : [ {
      "uid" : "2ecfa83e99ce1744",
      "status" : "passed",
      "time" : {
        "start" : 1596442208444,
        "stop" : 1596442208554,
        "duration" : 110
      }
    } ]
  },
  "919b7d04f88d30572b93beb38f794577" : {
    "statistic" : {
      "failed" : 0,
      "broken" : 0,
      "skipped" : 0,
      "passed" : 1,
      "unknown" : 0,
      "total" : 1
    },
    "items" : [ {
      "uid" : "d2ab6d22b9808223",
      "status" : "passed",
      "time" : {
        "start" : 1596442208564,
        "stop" : 1596442208763,
        "duration" : 199
      }
    } ]
  },
  "be5b5f15fbb8955b34c81b37018d2e61" : {
    "statistic" : {
      "failed" : 1,
      "broken" : 0,
      "skipped" : 0,
      "passed" : 0,
      "unknown" : 0,
      "total" : 1
    },
    "items" : [ {
      "uid" : "7a8d2a0629601fd8",
      "status" : "failed",
      "statusDetails" : "AssertionError: assert {'msg': '无效to...'status': 400} == {'msg': '获取管理...'status': 200}\n  Differing items:\n  {'status': 400} != {'status': 200}\n  {'msg': '无效token'} != {'msg': '获取管理员列表成功'}\n  Use -v to get the full diff",
      "time" : {
        "start" : 1596442208965,
        "stop" : 1596442209063,
        "duration" : 98
      }
    } ]
  },
  "0a0b8ae05f47f96cf01c48778be171e9" : {
    "statistic" : {
      "failed" : 0,
      "broken" : 0,
      "skipped" : 0,
      "passed" : 1,
      "unknown" : 0,
      "total" : 1
    },
    "items" : [ {
      "uid" : "a936c6eea54552c9",
      "status" : "passed",
      "time" : {
        "start" : 1596442208773,
        "stop" : 1596442208946,
        "duration" : 173
      }
    } ]
  }
}