[ {
  "uid" : "d2ab6d22b9808223",
  "name" : "test_main[post请求实现登录]",
  "time" : {
    "start" : 1596442208564,
    "stop" : 1596442208763,
    "duration" : 199
  },
  "status" : "passed",
  "severity" : "normal"
}, {
  "uid" : "7a8d2a0629601fd8",
  "name" : "test_main[get请求查询用户数据列表1]",
  "time" : {
    "start" : 1596442208965,
    "stop" : 1596442209063,
    "duration" : 98
  },
  "status" : "failed",
  "severity" : "normal"
}, {
  "uid" : "2ecfa83e99ce1744",
  "name" : "test_main[get请求实现登录]",
  "time" : {
    "start" : 1596442208444,
    "stop" : 1596442208554,
    "duration" : 110
  },
  "status" : "passed",
  "severity" : "normal"
}, {
  "uid" : "a936c6eea54552c9",
  "name" : "test_main[get请求查询用户数据列表0]",
  "time" : {
    "start" : 1596442208773,
    "stop" : 1596442208946,
    "duration" : 173
  },
  "status" : "passed",
  "severity" : "normal"
} ]